Usuario,Texto,Fecha,Num.Retweets,Num.Favoritos
CNNEPrensa,"Esta noche @camilocnn entrevista a @CarlosAlvQ, presidente de #CostaRica, y @NitoCortizo, presidente de Panam√°, sobre qu√© est√°n haciendo sus pa√≠ses para controlar la pandemia de #coronavirus. 7pmCOSTA RICA/MEX 8pmCOL 9pmVZLA 10pmARG ",Wed Apr 01 23:37:00 +0000 2020,2,4
AriasLawFirmCA,ùó£ùó•ùóòùó°ùó¶ùóî #CostaRica: @presidenciacr estableci√≥ medidas excepcionales de transporte para contener el contagio de #COVID19 durante la ùó¶ùó≤ùó∫ùóÆùóªùóÆ ùó¶ùóÆùóªùòÅùóÆ. Conozca las restricciones #ULTIMAHORA #coronavirus #riskmanagment #quedateencasa #covid19 #lawfirms,Wed Apr 01 22:58:36 +0000 2020,1,5
covid19espa,#√öLTIMAHORA: #CostaRica inform√≥ hoy de otros 28 casos de #coronavirus elevando a 375 el n√∫mero de contagios en todo el pa√≠s y 2 fallecidos. #Covid19espa #COVID19,Wed Apr 01 22:47:12 +0000 2020,0,1
YairNoaj,A lo que se tiene que enfrentar el #POBRE en #Nicaragua a consecuencia del #Coronavirus #Argentina #Bolivia #Brasil #Chile #Colombia #CostaRica #Cuba #Ecuador #ElSalvador #Guatemala #Hait√≠ #Honduras #M√©xico #Paraguay #Panam√° #Per√∫ #EEUU #Venezuela #Rep√∫blicaDominicana #Uruguay,Wed Apr 01 22:46:25 +0000 2020,1,2
MundosOcultosNF,#CostaRica inform√≥ hoy de otros 28 casos de #coronavirus elevando a 375 el n√∫mero de contagios en todo el pa√≠s. Ya hay 2 fallecidos en la naci√≥n debido a este pat√≥geno ,Wed Apr 01 22:45:29 +0000 2020,3,9
CiberActivista4,¬øNegocio redondo? #CostaRica cobrar√° 143 d√≥lares por prueba del #COVID„Éº19 Un total de 83 mil 200 colones equivalentes a 143 $cuesta la prueba del #Coronavirus. Que opinan de la gesti√≥n del pelele @CarlosAlvQ?? En #Nicaragua la tensi√≥n m√©dica es gratuita y vos puchos lloran,Wed Apr 01 22:34:15 +0000 2020,28,33
sieteenvictoria,En #CostaRica la poblaci√≥n sabr√° si tiene #coronavirus s√≥lo si paga la suma de $143.00 ,Wed Apr 01 22:27:40 +0000 2020,1,0
CNNEPrensa,"Esta noche @camilocnn entrevista a @CarlosAlvQ, presidente de #CostaRica, y @NitoCortizo, presidente de Panam√°, sobre qu√© est√°n haciendo sus pa√≠ses para controlar la pandemia de #coronavirus. 7pmCOSTA RICA/MEX 8pmCOL 9pmVZLA 10pmARG ",Wed Apr 01 22:27:00 +0000 2020,1,3
M2Porcelanato,#Actualizaci√≥n #CostaRica reporta 375 casos positivos de #coronavirus #covid19.,Wed Apr 01 22:02:46 +0000 2020,0,0
CNNEE,".@camilocnn entrevista a @CarlosAlvQ, presidente de #CostaRica, y @NitoCortizo, presidente de Panam√°, sobre qu√© est√°n haciendo sus pa√≠ses para controlar la pandemia de #coronavirus. Hoy 9 P.M., hora de Miami. ",Wed Apr 01 22:00:11 +0000 2020,19,40
GersonDavidsf88,Como es posible que los billonarios de #CostaRica como Charon y Shoshe no esten ayudando con sus millones a las personas m√°s afectadas por el #coronavirus los billonarios son todos iguales!,Wed Apr 01 21:47:44 +0000 2020,0,0
CNNEPrensa,"Esta noche @camilocnn entrevista a @CarlosAlvQ, presidente de #CostaRica, y @NitoCortizo, presidente de Panam√°, sobre qu√© est√°n haciendo sus pa√≠ses para controlar la pandemia de #coronavirus. 7pmCOSTA RICA/MEX 8pmCOL 9pmVZLA 10pmARG ",Wed Apr 01 21:33:00 +0000 2020,0,6
AriasLawFirmCA,"ùó£ùó•ùóòùó¶ùó¶ ùó•ùó¢ùó¢ùó† #CostaRica: Impact on Lease Contracts, Ministry of Health‚Äôs Measures, Migratory Measures and Free Trade Zones. Thank you very much for sharing the note @WorldLawGroup: http://ow.ly/xWV050z2EV4 #WeAreArias #coronavirus #stayhome #covid19 #lawfirms",Wed Apr 01 21:28:11 +0000 2020,0,1
AriasLawFirmCA,ùó£ùó•ùóòùó¶ùó¶ ùó•ùó¢ùó¢ùó† #CostaRica: Labor and Social Security Measures. Accede the full note in @WorldLawGroup: http://ow.ly/cCMt50z2FaO #WeAreArias #coronavirus #crisismanagement #riskmanagment #stayhome #covid19 #lawfirms #corporatecommunications #QuedateenCasa #legalmarketing,Wed Apr 01 21:27:49 +0000 2020,0,1
Amilcaratb,Informaci√≥n Actualizada Latinoam√©rica 01/04/2020 22:00h I. Canarias #coronavirus #casos #Latinoamerica #COVID19 #Brasil #Ecuador #Chile #Per√∫ #M√©xico #Panam√° #Colombia #Argentina #Dominicana #Uruguay #CostaRica #Venezuela #Cuba #Bolivia #Honduras #Paraguay #Guatemala #Nicaragua,Wed Apr 01 21:11:13 +0000 2020,4,8
CNNEPrensa,"Esta noche @camilocnn entrevista a @CarlosAlvQ, presidente de #CostaRica, y @NitoCortizo, presidente de Panam√°, sobre qu√© est√°n haciendo sus pa√≠ses para controlar la pandemia de #coronavirus. 7pmCOSTA RICA/MEX 8pmCOL 9pmVZLA 10pmARG ",Wed Apr 01 20:30:00 +0000 2020,1,4
SuumConsulting,COVID-19 Overview Costa Rica al 01/04/20 #QuedateEnCasa #CostaRica #coronavirus #covid19 #Datavisualization #suumconsulting,Wed Apr 01 19:50:49 +0000 2020,1,2
ricardo93393160,"Estaba aburrido, me hice una chocotorta.. .#coronavirus #argentina #chile #uruguay #paraguay #bolivia #costarica #puertorico #nicaragua #panama #peru #mexico #eeuu #cordoba",Wed Apr 01 19:42:27 +0000 2020,0,0
CNNEE,".@camilocnn entrevista a @CarlosAlvQ, presidente de #CostaRica, y @NitoCortizo, presidente de Panam√°, sobre qu√© est√°n haciendo sus pa√≠ses para controlar la pandemia de #coronavirus. Hoy 9 P.M., hora de Miami. ",Wed Apr 01 19:42:04 +0000 2020,35,65
JaviQuirosV,@presidenciacr @msaludcr @CarlosAlvQ ¬°Excelente las medidas para esta √©poca de Semana Santa! Queda en nosotros La Ciudadan√≠a apoyarles en esto y poner de nuestra parte. #COSTARICA #Coronavirus #Covid19 #QuedateEnCasa,Wed Apr 01 19:37:06 +0000 2020,0,0
JRIbarra,#CostaRica 375 casos positivos de #CORONAVIRUS #Covid-19 aument√≥ en 28 casos en un d√≠a. 4 han sido dados de alta. 95% detecci√≥n temprana permite no hospitalizaci√≥n. 2 fallecidos. Resumen @ministeriodesalud,Wed Apr 01 19:27:30 +0000 2020,1,1
Jaime_CRC,"Stay safe, happy and sane! #COVID„Éº19 #COVID19 #coronavirus #CostaRica",Wed Apr 01 19:21:17 +0000 2020,0,1
GonzalezBready, | URGENTE - #CORONAVIRUS: Ascienden a 375 infectados en #CostaRica. ,Wed Apr 01 19:06:17 +0000 2020,0,0
marcelacanterov,"Los Obispos de #CostaRica ya anunciaron sus medidas para las celebraciones de la #SemanaSanta, cuidando la salud de todos, ac√°, el detalle. #coronavirus #COVID„Éº19",Wed Apr 01 19:05:51 +0000 2020,0,1
Noticias_crc,"Hay quince personas hospitalizadas, nueve en cuidados intensivos. #coronavirus #CostaRica ",Wed Apr 01 19:03:10 +0000 2020,0,0
__Ponderosa__,"Uso de mascarillas, tema clave junto al uso de lentes de protecci√≥n y el simple detalle de dejar los zapatos fuera de casa #coronavirus #CostaRica #COVID„Éº19 @msaludcr @CCSSdeCostaRica @CarlosAlvQ",Wed Apr 01 18:59:52 +0000 2020,0,0
thepalmsvillas,#costarica #givingback #covid19 #coronavirus #playaflamingo #CRMMH #costaricamakesmehappy #dontcancelpostpone,Wed Apr 01 18:28:59 +0000 2020,0,0
ObregnX,It is coming !!! #invierno #lluvia #epocareproducci√≥n #naturaleza #costarica #coronavirus en Costa Rica https://www.instagram.com/p/B-cmjVwDRCE/?igshid=c104e7ksvs1e,Wed Apr 01 17:38:51 +0000 2020,0,0
Amilcaratb,Informaci√≥n Actualizada Latinoam√©rica 01/04/2020 15:00h Canarias #coronavirus #casos #Latinoamerica #COVID19 #Brasil #Ecuador #Chile #Per√∫ #M√©xico #Panam√° #Colombia #Argentina #Dominicana #Uruguay #CostaRica #Venezuela #Cuba #Bolivia #Honduras #Paraguay #Guatemala #Nicaragua,Wed Apr 01 14:28:02 +0000 2020,6,10
YairNoaj,. https://youtu.be/WSjBbnjSS9Q #Saqueos en #Honduras ante el #p√°nico X COVID-19 #Coronavirus #Argentina #Bolivia #Brasil #Chile #Colombia #CostaRica #Cuba #Ecuador #ElSalvador #Guatemala #Honduras #M√©xico #Nicaragua #Paraguay #Panam√° #Per√∫ #Rep√∫blicaDominicana #Uruguay #Venezuela,Wed Apr 01 14:02:37 +0000 2020,1,0
luisjoseph326,"Para que pasen mejor la cuarentena aqu√≠ les dejo algunas fotograf√≠as... _____________________________________ #naranjo #costarica #coronavirus #cuarentena en Naranjo, Alajuela, Costa Rica https://www.instagram.com/p/B-bd0yeFx6t/?igshid=avvdf40ch584",Wed Apr 01 07:02:50 +0000 2020,0,0
IPMasticard,#ULTIMAHORA #URGENTE A todas las #Empresas a nivel mundial que tengan tecnolog√≠as para combatir al #COVID19 #coronavirus DEBEN TENER CUIDADO si hacen trato con #CostaRica porque NO RESPETA el Derecho #IP‚Ñ¢ y su Marca¬Æ puede ser USURPADA #OMPI @WIPO #EEUU #ONU @FiscaliaCR 4,Wed Apr 01 06:57:58 +0000 2020,0,0
IPMasticard,C√≥mo sienten la conciencia los Accionistas de #FIFCO en #CostaRica y la Emilia Navas @FiscaliaCR cada vez que se toman una #pepsi √≥ al comer un #tacobell ? les remorder√° el alma por haber usurpado y violentado los #DDHH de #MastiCard‚Ñ¢ @FIFCOCR #COVID19 #coronavirus 0007,Wed Apr 01 06:57:18 +0000 2020,0,0
IPMasticard,@FIFCOCR @pepsi por aqu√≠ esperando la debida compensaci√≥n por los a√±os que USURPARON la Marca¬Æ #MastiCard‚Ñ¢ #IP en las sodas @tacobell en #CostaRica #FIFCO #COVID19 #pepsi #tacobell #Coronavirus @SecPompeo #EEUU #OMPI @FiscaliaCR @asambleacr @presidenciacr 000063,Wed Apr 01 06:56:34 +0000 2020,0,0
oli3be,"""Low"" CFR : #Latvia: 0% #Vietnam: 0% #Qatar: 0.1% #NZ: 0.2% #Iceland: 0.2% #Uruguay: 0.3% #Singapore: 0.3% #SAfrica: 0.4% #Israel: 0.4% #Australia: 0.4% #Chile: 0.4% #UAE: 0.5% #HK: 0.6% #Senegal: 0.6% #CostaRica: 0.6% #Saudi: 0.6% #Russia: 0.7% #COVID19 #Coronavirus ",Wed Apr 01 06:54:16 +0000 2020,2,2
luisjoseph326,"Para que pasen mejor la cuarentena aqu√≠ les dejo unas fotograf√≠as... _____________________________ #naranjo #costarica #coronavirus #cuarentena en Naranjo, Alajuela, Costa Rica https://www.instagram.com/p/B-bcIRAlSlv/?igshid=1qpwaip0cfdel",Wed Apr 01 06:48:01 +0000 2020,0,0
ZonaInfinitoCR,#yosoytico #DeEstaSalimosJuntos #QuedateEnCasa #CostaRica Costa Rica #COVID„Éº19 #coronavirus ,Wed Apr 01 06:29:46 +0000 2020,0,0
Noticias_crc,"#Coronavirus #SARS-CoV-2 #Ecuador Igual que en China, cuerpos tirados en las calles, infectados por el #Coronavirus ahora Esto est√° pasando en Ecuador. V√≠deo de la ciudad de Guayaquil 30 de marzo. #CostaRica mira esto!! https://www.eltiempo.com/amp/mundo/latinoamerica/cifras-de-contagiados-y-fallecimientos-en-ecuador-por-el-coronavirus-479274?__twitter_impression=true",Wed Apr 01 04:36:48 +0000 2020,2,2
YairNoaj,"#PERIODISTA #Hondure√±o INDIGNADO, #POLITICOS de #IZQUIERDA y #DERECHA #ESCONDIDOS FRENTE a #CORONAVIRUS #Argentina #Bolivia #Brasil #Chile #Colombia #CostaRica #Cuba #Ecuador #ElSalvador #Guatemala #Haiti #Honduras #M√©xico #Nicaragua #Paraguay #Panam√° #Per√∫ #Uruguay #Venezuela",Wed Apr 01 04:36:22 +0000 2020,0,1
YairNoaj,. https://www.instagram.com/p/B-UuOv0pfbd/?igshid=15wwiyri3ck53 #Autoridades que miran por su gente #Turquia desinfectando las calles #Coronavirus. #Argentina #Bolivia #Brasil #Chile #Colombia #CostaRica #Cuba #Ecuador #ElSalvador #Guatemala #Honduras #M√©xico #Nicaragua #Paraguay #Panam√° #Per√∫ #Uruguay #Venezuela,Wed Apr 01 03:54:44 +0000 2020,1,0
fazokal,¬øSe pueden imaginar c√≥mo estar√≠a Costa Rica si Fabricio hubiera quedado de presidente y cu√°les hubieran sido sus acciones con respecto al #coronavirus? #CostaRica ,Wed Apr 01 03:25:09 +0000 2020,0,6
Carolinamunnoz,"Hoy mi profesora que es #doctora, nos cont√≥ la situaci√≥n real del #coronavirus en #CostaRica y la exposici√≥n a la que est√°n sometidos todo el personal de #salud incluyendo ella, que est√° embarazada, nos mostr√≥ sus manos quemadas por el alcohol y los productos. ( abro hilo)",Wed Apr 01 02:13:39 +0000 2020,0,3
ricardo93393160,"si haces ziim en la calculadora, te vas a dar cuenta el ministro de econom√≠a que ten√≠amos en la d√©cada ganada. Dec√≠ que ahora esta de gobernador.#coronavirus #argentina #chile #uruguay #paraguay #bolivia #costarica #puertorico #nicaragua #panama #peru #mexico #eeuu #cordoba",Wed Apr 01 01:33:15 +0000 2020,0,0
IPMasticard,#ALERTA ‚úì #URGENTE‚úì #ULTIMAHORA!!!‚úì @opsoms @msaludcr @CarlosAlvQ @asambleacr @presidenciacr La Caja Costarricense del Seguro Social de #CostaRica @CCSSdeCostaRica NEG√ì ATENCI√ìN MEDICA a un Adulto Mayor Positivo con #COVID19 #coronavirus ,Wed Apr 01 01:08:47 +0000 2020,0,0
JaviQuirosV, LA IMPORTANCIA DEL PERIODISMO QUE INVESTIGA Y CUESTIONA Conra nos dicen que no nos informemos con estos medios... Ojal√° sea una terrible situaci√≥n aislada. #COSTARICA #Coronavirus #Covid19 https://twitter.com/crhoycom/status/1245125823872499712,Wed Apr 01 00:57:09 +0000 2020,0,0
CyberLeyton,Asi con #EEUU EL ASESINO UNIVERSAL #Argentina #Chile #Peru #LatinoAmerica #Uruguay #Venezuela #Paraguay #Mexico #Colombia #Bolivia #Ecuador #Brazil #Panama #Honduras #CostaRica #Guatemala #Nicaragua #Cuba #RepublicaDominicana #COVID19 #coronavirus #COVID„Éº19 #QuedateEnCasaYa,Wed Apr 01 00:04:13 +0000 2020,3,3
jhontxu,Paises de Latinoam√©rica con mas casos positivos de #Coronavirus #Brasil 5717 #Chile 2738 #Ecuador 2240 #RepDominicana 1109 #Mexico 1094 #Panama 1075 #Peru 1065 #Argentina 1054 #Colombia 906 #CostaRica 347 #Uruguay 320 #Cuba 186 #Honduras 141 #Venezuela 135 @jaimesancristo,Tue Mar 31 23:33:35 +0000 2020,4,3
daveparedesm,"Costa Rica , hoy report√≥ 347 casos de #COVID19: -incremento de 17 nuevos casos - 2 fallecidos -tasa de contagio vs. Nro de pruebas hechas se incrementa en 9.8% -Alajuela es la zona (cant√≥n) con m√°s infectados (70 casos) #CostaRica #Coronavirus #Covid_19",Tue Mar 31 23:20:15 +0000 2020,2,1
LucyRod72,#WorldMap #Coronavirus #PandemiaMundial ##Mexico #UnitedStates #Panama #CostaRica #Italie #Espa√±a,Tue Mar 31 22:50:41 +0000 2020,0,2
SuumConsulting,"Es importante reducir la tendencia, es responsabilidad de todos #QuedateEnCasa #CostaRica #coronavirus #covid19 #Datavisualization #suumconsulting",Tue Mar 31 22:49:09 +0000 2020,2,2
AriadnaCoto,#CoronaVirus explicado a la #tica: para ver si acaso #aplanamos la #curva. M√∫sica de Cimarrona La Original. Voz: Wil. #COVID„Éº19 #SARSCoV2 #coronaviruscr #JuntosNosCuidamos #EmergenciaSanitaria #31marzo #QuedateEnCasaYa #COVID19 #CostaRica ,Tue Mar 31 22:03:20 +0000 2020,0,0
YairNoaj,#Medico #hondureno se queja d proceder d gobierno #Coronavirus #Argentina #Bolivia #Brasil #Chile #Colombia #CostaRica #Cuba #Ecuador #ElSalvador #Guatemala #Hait√≠ #Honduras #M√©xico #Nicaragua #Paraguay #Panam√° #Per√∫ #PuertoRico #EEUU #Rep√∫blicaDominicana #Uruguay #Venezuela,Tue Mar 31 21:58:43 +0000 2020,1,2
Marlenetica,Vamos #Costarica fuerza sigamos luchando contra el #Coronavirus debemos estar en casa #QuedateEnCasa,Tue Mar 31 21:33:03 +0000 2020,0,2
covid19espa,#√öLTIMAHORA: #CostaRica informa de otros 17 casos de #coronavirus elevado el total de contagios a 347 en todo el pa√≠s. As√≠ mismo la naci√≥n cuenta con 2 fallecidos. #Covid19espa #COVID2019,Tue Mar 31 20:52:14 +0000 2020,0,1
MundosOcultosNF,#CostaRica informa de otros 17 casos de #coronavirus elevado el total de contagios a 347 en todo el pa√≠s. As√≠ mismo la naci√≥n cuenta con 2 fallecidos. ,Tue Mar 31 20:31:06 +0000 2020,3,9
Amilcaratb,Informaci√≥n Actualizada Latinoam√©rica 31/03/2020 21:00h #coronavirus #casos #Latinoamerica #COVID19 #Brasil #Ecuador #Chile #Per√∫ #M√©xico #Panam√° #Colombia #Argentina #Dominicana #Uruguay #CostaRica #Venezuela #Cuba #Bolivia #Honduras #Paraguay #Guatemala #Nicaragua,Tue Mar 31 19:47:33 +0000 2020,0,0
radio580nic,"Autoridades de #CostaRica confirma que la cifra de casos positivos por #Covid-19, se eleva a 347. Mientras que 4 personas se han recuperado del #Coronavirus. Se mantiene en 2 los fallecidos por esa causa. ",Tue Mar 31 19:14:25 +0000 2020,0,0
PUSCenExterior,Lamentamos mucho conocer esta noticia. A la familia y amigos de Silvia nuestro m√°s sentido p√©same. #CostaRica #ticos #ticosenelextranjero #coronavirus #salud #COVID19 #Qu√©dateEnLaCasa,Tue Mar 31 18:44:25 +0000 2020,0,0
kar_ba,No se si seremos el √∫nico pa√≠s con este tipo de noticias en medio del #coronavirus #costarica #cuarentena,Tue Mar 31 18:34:23 +0000 2020,0,0
ExpatExchange,Will expats in Costa Rica lose their residency if they leave the country? A Shocking Statement from the country's Ministry for Public Security has expats talking: https://bit.ly/2ya9XWr @usembassysjo @usambassadorcr #expat #costarica #coronavirus #michaelsoto,Tue Mar 31 18:02:02 +0000 2020,0,0
JHLAWYER,Imaginemos por un momento que el gobierno nos impuso estas normas desde el 1 ero de Marzo de 2020. No hubiese sido necesario el #Qu√©dateenCasa que muy pocos acataron. ¬øDonde estar√≠amos hoy ? #COVID„Éº19 #Coronavirus #CostaRica ,Tue Mar 31 17:07:45 +0000 2020,0,1
NoticiasONU,Muchos j√≥venes piensan que el #COVID19 no les afecta y no siguen recomendaciones para evitar el contagio. M√°s de 50 m√∫sicos en #CostaRica se est√°n uniendo a la ONU para educarles sobre el #coronavirus con conciertos para pasar la cuarentena. ,Tue Mar 31 15:53:26 +0000 2020,31,91
FocusGamingNews,Government steps in to assist lottery vendors amid the on-going Coronavirus crisis. #CostaRica #Lottery #Coronavirus ,Tue Mar 31 15:30:00 +0000 2020,0,0
BiggieNews," Ni√±a de 12 a√±os con coronavirus falleci√≥, la mas joven de Europa Clic aqu√≠ https://bit.ly/2w1xSqg #USA #Espana #QuedateEnCasa #BelgiumLockdown #Belgica #Coronavirus #ElSalvador #Honduras #Nicaragua #costarica #Panama #Colombia #LoUltimo #COVID2019 #Covid_19",Tue Mar 31 15:21:11 +0000 2020,1,0
ricardo93393160,Estoy fuerte todav√≠a. #coronavirus #argentina #chile #uruguay #paraguay #bolivia #costarica #puertorico #nicaragua #panama #peru #mexico #eeuu #cordoba #entrerios #corrientes #misiones #hoteles #restaurant #agenciadeviajes #Travel,Tue Mar 31 15:19:46 +0000 2020,0,0
ricardo93393160,No hay un prop√≥sito... rel√°jate y vive. #coronavirus #argentina #chile #uruguay #paraguay #bolivia #costarica #puertorico #nicaragua #panama #peru #mexico #eeuu #cordoba #entrerios #corrientes #misiones #hoteles #restaurant,Tue Mar 31 15:13:10 +0000 2020,0,0
ricardo93393160,31/marzo 2009...31/marzo 2020 a 11 a√±os de su desaparici√≥n. nos regalo la Democracia. #coronavirus #argentina #chile #uruguay #paraguay #bolivia #costarica #puertorico #nicaragua #panama #peru #mexico #eeuu #cordoba #entrerios #corrientes #misiones #hoteles #restaurant,Tue Mar 31 14:49:18 +0000 2020,0,0
ricardo93393160,Un kapo.... #coronavirus #argentina #chile #uruguay #paraguay #bolivia #costarica #puertorico #nicaragua #panama #peru #mexico #eeuu #cordoba #entrerios #corrientes #misiones #hoteles #restaurant #agenciadeviajes #travel,Tue Mar 31 14:39:33 +0000 2020,0,0
TheCRNews,Health Minister Daniel Salas reported on Monday that the number of confirmed cases of the COVID-19 coronavirus in the country totaled 330.. Follow @TheCRNews Hashtag #TCRN #tcrn #pandemic #covid19 #coronavirus #health #costarica #optimism #quarantine #goodvibe,Tue Mar 31 13:57:13 +0000 2020,1,2
RutaDeLuz,#RecesoAlCoronavirus #Cuarentena #Coronavirus/ #Espa√±a #Belice #M√©xico #PuertoRico #Guatemala #CostaRica #Honduras #Panam√° #Ecuador #Per√∫ #Chile #Argentina #Bolivia #Nicaragua #Uruguay #Paraguay #Colombia #Dominicana #Brasil #ElSalvador #QuedateEnCasa #Hoy,Tue Mar 31 13:39:34 +0000 2020,3,2
ricardo93393160,Que? usaste jab√≥n blanco hoy? #coronavirus #argentina #chile #uruguay #paraguay #bolivia #costarica #puertorico #nicaragua #panama #peru #mexico #eeuu #cordoba #entrerios #corrientes #misiones #hoteles #restaurant #agenciadeviajes #travel,Tue Mar 31 13:10:55 +0000 2020,1,0
SuhCR1,#CostaRica #QuedateEnCasa #COVID19 #coronavirus #clasesonline #clasesvirtuales #ClasesDeGuitarraSuh #sanjos√© #Heredia,Tue Mar 31 11:55:18 +0000 2020,0,0
dayanabenavides,#coronavirus 4 pacientes recuperados #CostaRica #QuedateEnCasa,Tue Mar 31 11:47:37 +0000 2020,0,0
chrisdaviscng,"here, #Bogota, we have been in quarantine for a week, you can‚Äôt go out meanwhile, #CostaRica, try surfing, get shot at https://www.instagram.com/p/B-THoy1Hwd_/ #covid19 #coronavirus #stayhome",Tue Mar 31 09:51:33 +0000 2020,1,0
Sport24ur,"Policist v #CostaRica streljal na be≈æeƒçega deskarja, ki ni spo≈°toval karantene. Gre za nekdanjega olimpijca, ki se brani, da je zbe≈æal zato, ker se je ustra≈°il pi≈°tole -&gt; https://bit.ly/2JnZXv0 #deskanje #surfing #Kostarika #karantena #covid19 #covid-19 #koronavirus #coronavirus",Tue Mar 31 08:15:53 +0000 2020,0,0
fromAlias,quando potr√≤ andare di nuovo in vacanza? #borsa #costarica #coronavirus ,Tue Mar 31 08:15:02 +0000 2020,0,0
PalasTati,#puravida #costarica #porfavor #nopanico #periodista #coronavirus #PandemiaMundial,Tue Mar 31 07:32:25 +0000 2020,0,0
AnnaMietta,"Beh #Grillo potrebbe partecipare con i #soldi che ha in #Costarica dove ha anche #societ√† di #lusso, se non ricordo male 15, intestate al suo #autista #coronavirus",Tue Mar 31 06:42:54 +0000 2020,0,0
ricardo93393160,Me estoy aguantando. Tengo ganas de que sea domingo llevarte el desayuno a la cama y verte disfrutar las masa dulces que te gustan. #coronavirus #argentina #chile #uruguay #paraguay #bolivia #costarica #puertorico #nicaragua #panama #peru #mexico #eeuu #cordoba #entrerios,Tue Mar 31 05:07:12 +0000 2020,0,0
mariamalia2010,#CostaRica #QuedateEnCasa #COVID„Éº19 #coronavirus ,Tue Mar 31 04:34:58 +0000 2020,1,0
ricardo93393160,"Quiero tenerte conmigo. Darte de comer, re√≠rnos, ba√±arte, secarte, peinarte, arroparte, acariciarte y ma√±ana despertar a tu lado. #coronavirus #argentina #chile #uruguay #paraguay #bolivia #costarica #puertorico #nicaragua #panama #peru #mexico #eeuu #cordoba #entrerios",Tue Mar 31 04:18:18 +0000 2020,0,0
nikkipava,May #costarica 's Ministry of Health follow the steps of the #czechrepublic 's and advise everyone to wear masks. This country is not acting fast enough to stop the spread. Shelter-in-place would be the most effective path for this country. #Masks4All #coronavirus,Tue Mar 31 03:49:51 +0000 2020,0,0
ricardo93393160,#coronavirus #argentina #chile #uruguay #paraguay #bolivia #costarica #puertorico #nicaragua #panama #peru #mexico #eeuu #cordoba #entrerios #corrientes #misiones #hoteles #restaurant #agenciadeviajes #travel,Tue Mar 31 03:43:31 +0000 2020,2,2
ricardo93393160,"Todav√≠a no se por que me cuido del coronavirus, si cuando entres en mi cama se me va ir la vida. #coronavirus #argentina #chile #uruguay #paraguay #bolivia #ecuador #honduras #costarica #puertorico #nicaragua #panama #peru #elsalvador #mexico #eeuu #cordoba #entrerios",Tue Mar 31 02:32:48 +0000 2020,0,0
ricardo93393160,"Despu√©s de esto, el reencuentro seria como una reconciliaci√≥n... me vana temblar las patas por dos semanas. #coronavirus #argentina #chile #uruguay #paraguay #bolivia #ecuador #honduras #costarica #puertorico #nicaragua #panama #peru #elsalvador #mexico #eeuu #cordoba #entrerios",Tue Mar 31 02:28:39 +0000 2020,1,0
ricardo93393160,"Debo reconocer que Alberto Fernandez es milagroso. Gracias a el volv√≠ a caminar...Vend√≠ mi auto, a alguien m√°s le hizo un milagro le mandamos una carta al PAPA para que lo canonicen. #coronavirus #argentina #chile #uruguay #paraguay #bolivia #ecuador #honduras #costarica",Tue Mar 31 02:21:15 +0000 2020,0,1
ricardo93393160,A A A AAA CHISSSS alberto. #coronavirus #argentina #chile #uruguay #paraguay #bolivia #ecuador #honduras #costarica #puertorico #nicaragua #panama #peru #elsalvador #mexico #eeuu #cordoba #entrerios,Tue Mar 31 02:15:46 +0000 2020,2,0
superstereo981,#CostaRica report√≥ hasta el lunes 330 contagiados con #COVID19. El ministro de salud ve inviable que se declare toque de queda en este pa√≠s para evitar que la gente salga a la calle y reducir el n√∫mero de infectados por #coronavirus V√≠a @VOANoticias,Tue Mar 31 01:39:27 +0000 2020,0,0
H2OStewards,"Qu√©date en casa y si sales, sigue estos consejos al volver . . . #covid_19 #coronavirus #healthy #costarica #water #waterresistant",Tue Mar 31 00:19:44 +0000 2020,1,1
tribunapr,Confus√£o! https://bit.ly/2UOz3BW #campe√£o #surf #tiros #praia #pandemia #CostaRica #Coronav√≠rus #Covid19 #quarentena #TribunaDoParan√° #TamoJunto,Mon Mar 30 23:15:06 +0000 2020,0,1
MundosOcultosNF,#CostaRica inform√≥ hoy de otros 16 casos de #coronavirus elevando a 330 los contagios en todo el pa√≠s. Actualmente hay 2 fallecidos en la naci√≥n por este pat√≥geno. ,Mon Mar 30 22:27:14 +0000 2020,5,13
fedealomso,"La √∫nica forma para poder distribuir la plata del subsidio por #coronavirus, que posiblemente d√© el gobierno de #CostaRica a los hogares m√°s necesitados, es usando las bases de datos por las que hace un mes atr√°s ped√≠an a gritos la renuncia del presidente @CarlosAlvQ.",Mon Mar 30 22:06:33 +0000 2020,0,1
Amilcaratb,Informaci√≥n Actualizada Latinoam√©rica 30/03/2020 23:00h #coronavirus #casos #Latinoamerica #COVID19 #Brasil #Ecuador #Chile #Per√∫ #M√©xico #Panam√° #Colombia #Argentina #Dominicana #Uruguay #CostaRica #Venezuela #Cuba #Bolivia #Honduras #Paraguay #Guatemala #Honduras,Mon Mar 30 21:47:36 +0000 2020,3,2
TeLoCuentoNews,#30Mar El √∫ltimo reporte del Ministerio de Salud de #CostaRica indica que han confirmado 330 casos de #coronavirus. Registran dos defunciones. ,Mon Mar 30 20:40:38 +0000 2020,1,0
SuumConsulting,COVID-19 Overview Costa Rica al 30/03/20 #QuedateEnCasa #CostaRica #coronavirus #covid19 #Datavisualization #suumconsulting,Mon Mar 30 20:03:26 +0000 2020,1,2
Noticias_crc,"Hoy se reportan 330 contagiados por #coronavirus en #CostaRica. Alajuela es el cant√≥n que m√°s contagiados tiene, le sigue el cant√≥n de San Jos√©. ",Mon Mar 30 19:31:37 +0000 2020,1,1
JaviQuirosV,Y s√≠. Ya a partir de hoy en Mi Querida #COSTARICA y desde el gobierno politizaron el tema. #Coronavirus #Covid19,Mon Mar 30 19:30:02 +0000 2020,0,1
maurifons,¬øSer√° que alguien le puede decir a la se√±ora que ya es suficiente? #costarica #Coronavirus #COVID19,Mon Mar 30 19:08:09 +0000 2020,0,1
SeriousBiggg,La #polic√≠a de Costa Rica dispara al #surfista ol√≠mpico Rafael Villavicencio por saltarse el confinamiento. #CoronavirusCostaRica #CostaRica #RafaelVillavicencio #Coronavirus #COVID„Éº19 #Covid_19 #EstadoDeAlarma,Mon Mar 30 18:58:11 +0000 2020,0,3
Amilcaratb,Informaci√≥n Actualizada Latinoam√©rica 30/03/2020 19:30h #coronavirus #casos #Latinoamerica #COVID19 #Brasil #Ecuador #Chile #Per√∫ #M√©xico #Panam√° #Colombia #Argentina #Dominicana #Uruguay #CostaRica #Venezuela #Cuba #Bolivia #Honduras #Paraguay #Guatemala #Honduras,Mon Mar 30 18:37:35 +0000 2020,6,3
